{"cameraMode":{"drawMode":0,"name":"Shaded","section":"Shading Mode"},"sceneLighting":true,"audioPlay":false,"sceneViewState":{"m_AlwaysRefresh":true,"showFog":true,"showSkybox":true,"showFlares":true,"showImageEffects":true,"showParticleSystems":true,"showVisualEffectGraphs":true,"m_FxEnabled":true},"in2DMode":false,"pivot":{"x":-37.641448974609378,"y":3.7131052017211916,"z":-41.89040756225586},"rotation":{"x":-0.17545224726200105,"y":-0.33563143014907839,"z":0.06419723480939865,"w":-0.9240039587020874},"size":15.274982452392579,"orthographic":false}